source,SERIES_ID,series_title,unique_viewers,total_views
Originals,3409,خيال أمـ ـجد؟,32317,77656
AJD,3125,صدام حسين.. بين الأسطورة والواقع,17427,27825
Other,2678,شو قالوا بالعبري,11592,17707
AJA,2207,ما خفي أعظم,10393,19157
Originals,2407,باب حوار,8818,20838
Originals,2276,حكم وحكمة,7498,13855
Originals,3433,كليبات 360,6904,7939
AJA,2176,فوق السلطة,6276,11972
Originals,3159,عن السينما,5028,12591
Originals,3385,الطبيب الأخير,4819,6835
Other,2341,المخبر الاقتصادي,4520,8575
Originals,2393,الشبكة,4328,8493
Other,3343,النصيرات 274.. مجزرة الرهائن,3848,6712
Originals,3132,قصتي,3816,7079
AJA,2684,المرصد,3333,5376
AJA,2219,شاهد على العصر,2605,13513
AJA,2210,المقابلة,2540,5592
AJA,2192,حياة ذكية,2275,3727
AJA,2208,تأملات,2197,4890
Originals,2969,مستشفى الشفاء.. جرائم مدفونة,2060,2916
AJA,2163,الاتجاه المعاكس,1932,4825
Other,2351,السليط الإخباري,1797,3643
AJA,2164,للقصة بقية,1725,2537
AJA,2715,شبكات,1509,2855
Other,2354,الجهبذ,1502,2509
AJD,3432,هلال في وجه النازية,1497,2241
AJA,2149,الجريمة السياسية,1429,3254
Originals,3112,ثمن الحرب على إسرائيل,1071,2693
Atheer,2279,بودكاست البلاد,1050,2917
Originals,2408,المحطة,1023,2234
Atheer,2897,بودكاست ملهمات,949,1669
AJA,2137,من واشنطن,934,1721
Other,2615,المدوان,871,1770
AJA,2140,موازين,848,1837
Other,3297,مع الحكيم,836,1191
Atheer,2274,بودكاست مغارب,830,2764
Atheer,3127,مع تيسير,821,8061
Originals,3397,محاكمات,793,1180
Originals,2342,الورشة,783,1759
LIVE,3077,عز الدين القسام,769,2213
AJA,2150,الصندوق الأسود,736,1992
LIVE,3048,فتح الأندلس,709,3612
Originals,2894,قهوة النواوي,663,1168
AJA,2183,سري للغاية,645,2267
Originals,2698,المتحري.. المخدرات والنظام,606,1566
LIVE,3059,الحجاج بن يوسف الثقفي,602,5394
Originals,2923,في مثل هذا الأسبوع,566,1340
Originals,2788,غزة.. صوت الحياة والموت,551,722
Originals,2275,يوميات مقاتل,519,804
Atheer,2273,بودكاست حكايات أفريقية,482,1392
AJA,2528,بلا حدود,475,1214
LIVE,3051,الإمام أحمد بن حنبل,475,4132
AJA,2169,المتحري,474,810
LIVE,3074,"مسلسل ""ذي قار"": يوم من أيام العرب",434,4029
Other,2355,الدحيح,420,889
Other,2814,كليبات AJ+,407,497
Originals,3026,رفقا,389,890
Other,2157,رسالة إلى الأرض,389,1283
LIVE,3062,مسلسل القعقاع بن عمرو التميمي,376,2124
Originals,3034,في رحاب الشام,371,1004
Originals,3169,مواطنون درجة ثانية,362,708
AJA,2194,الجانب الآخر,355,550
Originals,2576,رحلة,346,779
AJA,2467,المسافر,341,1066
AJA,2220,عن السينما,340,1045
Originals,2838,أنت,335,930
Atheer,2278,بودكاست ذوو الشأن,327,606
Other,2357,فلسطيني,320,447
LIVE,3075,مسلسل أبو جعفر المنصور,315,2151
AJD,3040,العلماء المسلمون,312,604
Atheer,2329,بودكاست ضيف شعيب,289,585
Originals,2287,العمارة والإنسان,282,842
Originals,2288,خلف الأبواب المغلقة,282,486
AJD,3123,دولة قناة السويس,275,446
AJD,2153,الستينيات,274,471
Atheer,2938,بودكاست مشارق,270,598
AJA,2145,لقاء خاص,266,734
AJA,2142,المسافة صفر,264,507
AJD,2996,الجزائر سقوط الأسوار,259,615
Originals,2960,عيون غزة,259,350
AJA,2308,زيارة خاصة,248,622
AJA,2135,الشريعة والحياة في رمضان,244,607
AJA,2170,تحقيق خاص,235,501
AJD,2378,ثالث الرحابنة,228,380
Other,3322,ليسوا أرقاما,228,396
Originals,2828,طريق الموت,222,323
Originals,2829,مراجعات ريتا,199,364
AJA,2209,نهايات غامضة,192,486
AJA,2185,الشريعة والحياة,191,449
AJA,2134,تحت المجهر,189,465
AJD,3261,من الشعر إلى الموسيقى,184,428
AJA,2160,أرشيفهم وتاريخنا,182,443
Atheer,2282,بودكاست سكن,180,492
LIVE,3047,أولاد المختار,179,848
AJA,2174,لقاء اليوم,178,455
Atheer,2849,بودكاست مع تميم,166,368
Originals,3395,تحت الركام,163,244
Atheer,2286,بودكاست قراء,162,378
AJA,2175,خارج النص,159,309
AJA,2165,سيناريوهات,155,229
AJA,2472,الإسلاميون,147,366
AJA,2613,أصحاب البلاد,138,237
Atheer,2272,بودكاست أسئلة الحدث,137,263
AJA,2324,مع هيكل - الحلقات الحوارية,136,378
Atheer,2277,بودكاست وسط البلد,135,228
AJA,2318,وجهة نظر,134,213
AJA,2323,شاهد على الثورة,132,273
AJA,2322,أصدقاء العرب,130,187
Originals,2925,رجل الصحراء,129,191
AJA,2390,في ضيافة البندقية,127,226
Originals,2784,وجهات نظر,126,196
Originals,2714,حروب بديلة,120,158
Other,2842,القدس.. درب الآلام,113,202
AJA,2321,كواليس,111,203
Atheer,3116,أصوات الشام,109,172
AJA,2294,الكتاب خير جليس في الزمان,107,192
Other,2704,الإسبتالية,107,244
Other,2717,ذات مرة,107,196
AJA,2478,اللوبي,106,146
Atheer,2535,بودكاست كواليس,106,256
Atheer,3055,النبي القائد,105,210
AJA,2151,نقطة ساخنة,103,283
Other,2352,مع تميم,103,209
Atheer,3240,وسيط,97,146
Atheer,3004,بيان,96,225
AJA,2162,الملف,91,150
Atheer,2916,بودكاست نظر,90,200
Other,2705,أندلسيات,89,170
AJA,2173,بكسر التاء,86,143
Other,2716,الوتر الحساس,86,166
AJA,2798,المنشقون,83,102
AJA,2796,الطريق 66,82,119
AJA,2188,في العمق,80,134
AJA,2646,حرب لبنان,80,366
AJD,2554,الختيار,77,165
AJA,2397,أكثر من رأي,76,217
AJA,2359,يحكى أن,74,128
AJA,2136,للنساء فقط,73,353
AJA,2368,مناضلون أم إرهابيون,72,130
Originals,2280,النبي الإنسان,70,133
Originals,2406,ضحايا وأبطال,70,106
AJA,2546,حكاية ثورة,67,331
Other,2961,مستطيل,67,115
AJA,2143,فلسطين تحت المجهر,64,193
AJD,2363,كاميرا ومدينة,62,96
AJD,2375,شخصيات مقدسية,62,78
AJA,2366,غزة تقاوم.. غزة تنتصر,60,103
AJD,2155,الحروب الصليبية,60,175
Other,2316,شنغين فيزيا,59,132
Other,2709,مطبات منطقية,59,101
AJA,3257,مراسلون أجانب,56,282
AJA,2330,شيء من التاريخ,55,110
Originals,2827,ميراث,55,132
AJA,2647,كتاب قرأته/كتاب ألفته,53,71
AJD,2234,أفلام مستقلة,53,64
AJA,2327,الإقتصاد والناس,52,84
AJD,2639,ذاكرة السينما,52,108
Atheer,2281,بودكاست ما بعد النفط,51,75
AJD,2182,حكايات العابرين,50,91
Other,2706,ع الكنبة,50,88
AJA,2195,شاهد عيان,45,63
AJA,2402,مقابلة خاصة,45,64
Other,2851,الحاصل شنو,44,65
AJD,2361,ناصر,43,145
AJA,2216,مراسلو الجزيرة,42,78
Other,2186,سؤال مشروع,41,74
AJD,3037,مسلمو العصر الفيكتوري,40,88
Atheer,3038,ديوان أثير,39,117
LIVE,3049,عمران 5,38,187
AJD,2193,السادات,37,57
AJA,2171,في الواجهة,35,42
AJA,2551,أيلول الأحمر,35,91
AJD,3052,بصمات,35,59
AJA,2189,المشاء,34,61
AJD,2371,سلسلة دهاليز,34,51
AJD,3256,وجوه أفريقية,34,51
Atheer,3076,بعد البث,34,105
Atheer,3269,بودكاست طرف حديث,34,61
AJA,2710,حرب أكتوبر,33,128
AJD,2167,اكتشاف المجهول.. الأمازون,33,77
Other,2343,وشوله,33,66
Other,3088,حدث في رمضان,33,46
AJA,2154,موعد في المهجر,32,65
AJA,2158,المصير,32,46
AJA,3230,النكبة,32,72
AJD,2863,إثنا عشر سريرا,32,39
Other,2708,بالعربية مع ديمة,32,86
AJA,2297,السجين 345,31,68
AJA,2548,آفاق,30,42
Originals,3155,أطفال القبو,30,72
AJD,2148,لف البلاد,29,35
Other,3051,الإمام أحمد بن حنبل,29,38
AJD,2389,حسن الترابي,27,55
AJD,2787,أفغانستان.. الأرض الجريحة,27,104
AJA,2295,الشاهد,26,49
AJA,3033,مساجد صلى فيها الرسول - صلى الله عليه وسلم,26,42
AJA,2172,مغتربون,25,49
AJA,2895,سوريا مأساة القرن,25,43
AJD,2181,حكاية أغنية,25,32
AJD,2922,من أجل فلسطين,24,36
Other,2190,شيفرة,24,82
AJA,2360,أوراق ثقافية,23,32
AJA,2583,الحرب العالمية الأولى في عيون العرب,23,58
AJA,2836,المشهد العراقي,23,55
AJD,2146,إندونيسيا واكتشاف المجهول,23,44
AJD,3239,الأزياء التقليدية,23,29
AJD,2178,بيوت سياسية,22,61
AJD,2197,سيرة علي,21,47
AJD,2403,ذكريات ملونة,21,23
Other,2786,ألوان الكرة الفرنسية,21,26
AJA,2356,عين الجزيرة,20,36
Other,2320,مسلسل هُم,20,28
AJD,2198,السير الشعبية العربية,19,43
AJD,2200,لف البلاد شرق أفريقيا,19,38
Other,3094,من القدس,19,38
AJA,2201,رواد الأعمال,18,22
Other,2132,البريف فرغيف,18,32
Other,2192,حياة ذكية,18,22
Other,2344,عزت على سفر,18,35
AJA,2553,كيف تروج لمجزرة؟,17,20
AJD,2398,سلسلة الرحالة,17,38
AJD,2926,الثمانينيات,17,48
AJD,2995,أصوات من السماء,16,54
AJD,3170,فيتنام.. ولادة أمة,16,38
AJD,3391,تاريخ الصحافة العربية,16,28
Other,2141,دهاليز,16,47
Other,2783,حصاد العدوان,16,18
AJA,2584,سنوات أوباما,15,25
AJD,2638,سلسلة صحارى أطلس,15,18
AJD,3313,خبايا الأولمبياد,15,46
Other,2353,قصة إنسان,15,25
Other,2703,هجرة الموت,15,26
AJA,2133,أدب السجون,14,15
AJA,2187,عرب أميركا اللاتينية,14,49
AJA,2580,عين على البلقان,14,16
AJA,2614,هجرة غيرت التاريخ,14,22
AJD,2203,مقاهي عتيقة,14,48
AJD,2302,حكايات عن الكرة والحرية,14,16
AJD,2377,السبعينيات,14,26
AJD,2816,البشير الإبراهيمي,14,26
LIVE,3263,عن قرب,14,30
AJA,2199,خطوط على الرمال.. مائة عام على سايكس بيكو,13,25
AJA,2328,إشراقات,13,13
AJD,2635,مصطفى كمال أتاتورك,13,39
AJA,2627,مسارات,12,38
AJA,2893,مبارك والعائلة,12,25
AJD,3449,الطلبة والسياسة,12,23
AJA,2168,نحن الجزيرة,11,19
AJA,2334,وحي القلم,11,21
AJA,2552,قبل النفط,11,14
AJA,2699,من لبنان,11,16
AJA,3035,مصر.. ثورة شعب,11,15
AJA,3218,تقارير إخبارية,11,14
AJD,2400,قلب مدينة,11,14
Other,2161,قرشين حلوين,11,19
Other,2803,بروفايل,11,13
AJA,2156,زمام المبادرة,10,17
AJA,2319,حالة إبداع,10,15
AJA,2625,من أوروبا,10,19
AJA,2768,قدامى المحاربين,10,15
AJA,2906,عالم الجزيرة,10,14
AJD,3009,القرضاوي,10,22
AJD,3041,الصوفية,10,12
AJD,3258,الخبز الأخضر,10,17
AJD,3429,وجوه من آسيا,10,16
Other,2707,الظاهرة,10,18
AJA,2326,الغذاء ... الروح ... الجسد,9,96
AJA,2473,ثلاثي الموت,9,15
AJA,2579,دروب,9,22
AJA,2582,حلول بيئية,9,10
AJA,3438,المشهد الثقافي,9,28
AJD,2191,هواري بومدين ثائر يبني دولة,9,20
AJD,2634,حكاية طبق,9,10
AJD,3222,الأزهر,9,12
AJA,2298,العصر الذهبي للعلوم,8,11
AJA,2396,زينة,8,27
AJA,2581,وراء الشمس,8,10
AJA,2585,جيل الكراهية,8,8
AJA,2612,العاشق الذي التهمته الحكاية - غسان كنفاني,8,13
AJD,2300,البلقان قبل وبعد قرن من الزمان,8,13
AJD,2977,حكايات الشوارع,8,14
AJD,3211,رحلة الحج,8,16
LIVE,3010,الدار الكبيرة,8,15
Other,2719,رحلة المونديال,8,10
Other,2811,أمريكا و,8,15
AJA,2325,ممنوعون,7,11
AJA,2331,المحاربون القدامى,7,8
AJA,2401,فنون,7,46
AJA,2549,قلب المدينة,7,10
AJA,2713,اقتلوه بصمت,7,31
AJA,2785,مقتل عرفات,7,28
AJA,2904,الجزيرة : أسمع .. أرى .. أتكلم,7,12
AJA,3042,مهن رمضانية,7,23
AJA,3043,أصبح عندي الآن مدونة,7,9
AJA,3093,الصناعة في مصر,7,7
AJD,2147,حلم كأس العالم,7,7
AJD,2166,أمهات لاجئات,7,7
AJD,2184,إثيوبيا على الأقدام,7,10
AJD,2299,أم كلثوم,7,13
AJD,2697,نغمات وردية,7,10
AJD,3044,رمضان ومدينة,7,11
AJD,3124,من الغرانا إلى تل أبيب,7,9
LIVE,3011,بالعافية,7,14
Other,2476,قصص خليجية,7,11
AJA,2336,اليساريون,6,7
AJA,2340,أفريقيا وصراع الفيلة,6,8
AJA,2628,لبنان.. روايات الطوائف,6,10
AJA,3126,الحريق,6,15
AJD,2204,صور مصرية,6,6
AJD,2954,شغف,6,12
AJD,3255,الحج ومعالمه,6,8
AJD,3308,مصالي الحاج,6,13
AJD,3310,الفلاقة,6,11
LIVE,3027,تيجان النور,6,29
Other,2809,سياق,6,16
AJA,2332,الجرح المفتوح,5,13
AJA,2399,العابرون على جلد غزة,5,9
AJA,2632,العلاج,5,6
AJA,2712,الجزيرة  25 عاما,5,8
AJA,2909,مصر الشعب ينتصر,5,10
AJA,3050,الحراك,5,6
AJA,3120,حمص درب الحرية,5,5
AJD,2301,أحلام بلا حدود,5,8
AJD,2372,الوحل,5,7
AJD,2556,محمد عبد الوهاب - صانع موسيقى القرن,5,6
AJD,2618,على ضفة النهر,5,6
AJD,2648,موائد الأجداد,5,6
AJD,2799,العميد,5,8
AJD,3032,أحلامنا,5,6
AJD,3061,حكاية سيدة عربية,5,5
AJA,2333,رائدات,4,6
AJA,2335,التبادل,4,14
AJA,2339,نهضة أمة,4,4
AJA,2362,جنوب السودان بلد الأحلام,4,5
AJA,2365,مقتل الرجل النبيل,4,4
AJA,2369,ميدان الفن: شعراء الاحتجاج,4,8
AJA,2388,كل شيء حي,4,6
AJA,2544,قائمة غولدا مائير,4,9
AJA,3439,الديون.. حمل الشعوب الثقيل,4,5
AJD,2177,علماء عرب في مختبرات الغرب,4,9
AJD,2394,مبارك وسنينه,4,5
AJD,2395,أعراس عربية,4,11
AJD,2555,تاريخ المسرح العربي,4,6
AJD,2843,العرب والأتراك,4,5
AJD,2850,شيفرة البتراء,4,10
AJD,2917,شكرا كرة القدم,4,4
AJD,3150,حكاية أسير ورحلة عذاب,4,5
LIVE,3028,هيل وزعفران,4,4
Other,3054,رمضان من,4,9
Other,3092,معالم إسلامية,4,6
AJA,2392,الهند البحث عن الروح,3,7
AJA,2409,جلادون وضحايا,3,4
AJA,2547,حكاية الوادي,3,6
AJA,2611,سلسلة أفلام مؤسسة قطر,3,4
AJA,2711,التلفزيون العربي,3,4
AJA,2905,عند مطلع الشمس,3,7
AJA,2955,تونس ثورة تروي مسيرتها,3,7
AJA,2956,آفاق الثورات العربية,3,4
AJD,2138,مهن وطقوس العيد,3,9
AJD,2139,حليم.. غنوة لكل الناس,3,4
AJD,2144,أحلام بيضاء,3,3
AJD,2179,جسور التواصل,3,5
AJD,2196,مصورو فلسطين,3,3
AJD,2374,الموسيقى الأمازيغية المغربية,3,5
AJD,2633,سلسلة الشرق في فنونهم,3,9
AJD,2637,العرب في كأس العالم,3,5
AJD,2974,باي الشعب.. ربيع الثورة,3,10
AJD,3056,الصيام في الأديان,3,4
AJD,3165,كراسات الأحلام,3,4
AJD,3235,الموسيقى الروحية,3,4
Other,2794,Test show 2,3,4
Other,2818,Test show,3,46
Other,3359,مهن مصرية,3,17
AJA,2159,مع هيكل,2,34
AJA,2338,أفريقيا تتحرى,2,2
AJA,2345,يهود عرب.. أصوات غير مسموعة,2,8
AJA,2370,باتريس لوممبا,2,2
AJA,2957,مال ودولة,2,2
AJD,2364,الأغاني القبائلية,2,3
AJD,2376,روح,2,2
AJD,2616,متاحف خاصة,2,3
AJD,3045,مسلمو تشام,2,4
AJD,3057,البابا شنودة.. رحلة مؤسسة ومسيرة بطريرك,2,4
AJD,3149,طريق سيدي,2,3
Other,2475,كشف حساب,2,2
Other,2808,كشاف,2,4
Other,3347,في هذا المكان,2,2
AJA,2296,أدب المقاومة,1,9
AJA,2337,صراع على النيل,1,4
AJA,2367,جدران العار,1,1
AJA,2387,العبودية: خطيئة القرن 21,1,1
AJA,2391,المرآة,1,2
AJA,2412,التهديد التقني,1,1
AJA,2550,أفريقيا والاستعمار المزمن,1,1
AJA,2626,لبنان.. مرحلة جديدة,1,1
AJA,2629,حرب البترودولار,1,1
AJA,2630,تسلل إلى أفريقيا: السياسة الأميركية في القارة السمراء,1,1
AJA,2815,لقاءات الجزيرة الجماهيرية,1,1
AJA,3119,الاقتصاد الأمريكي القادم أعظم,1,1
AJD,2180,لاجئ ومدينة,1,4
AJD,2373,رحلتي إلى الحج,1,1
AJD,2617,رياضة العدو في المغرب,1,2
AJD,2636,الدربي,1,1
AJD,2978,الطريق إلى القدس: البطل أحمد عبد العزيز,1,1
AJD,3036,دوري رمضان,1,1
Other,2142,المسافة صفر,1,1
Other,2715,شبكات,1,2
