source,title,series_title,thumbnail_url,unique_views
Other,كنت أعرف الخميني,,https://dve-images.imggaming.com/original/p/2025/07/05/K5jU0seHZCkhbx4HGH4JBLI0vU5jE4oN-1751705010024.jpg,26548
Other,"برومو خيال أمـ ـجد؟ | ""الخواجة"" وعنق الزجاجة",,https://dve-images.imggaming.com/original/p/2025/08/31/5uMu9mzMTifPJPIQ2STqDgb4tUFdfQgX-1756629413310.jpg,22196
AJD,صدام حسين.. بين الأسطورة والواقع - الجزء 1,صدام حسين.. بين الأسطورة والواقع,https://dve-images.imggaming.com/original/p/2025/04/04/tHsPGr2daorsBcInVJkBXpU9aq9AO5a4-1743780636452.jpg,17537
Originals,"""الخواجة"" وعنق الزجاجة",خيال أمـ ـجد؟,https://dve-images.imggaming.com/original/p/2025/08/29/W7npVQO5Z9tRBKwpTMHIX8qP6A0oqacJ-1756479378132.jpg,14868
Originals,أنهار العنصرة,خيال أمـ ـجد؟,https://dve-images.imggaming.com/original/p/2025/08/22/lWfRyuIego783g2gQPvX6fYrk6BUxAcr-1755876058656.jpg,13104
Originals,من الطالق؟,خيال أمـ ـجد؟,https://dve-images.imggaming.com/original/p/2025/08/01/cjrdQcs2xDufLsCoIqx6nev81ohCuP0R-1754036358602.jpg,8780
Originals,زمن التكبيس,خيال أمـ ـجد؟,https://dve-images.imggaming.com/original/p/2025/08/08/o8GBZjfrCMD9gKPNJwglxms3PL6F10YT-1754642297825.jpg,7526
AJA,أربعون دقيقة,ما خفي أعظم,https://dve-images.imggaming.com/original/p/2024/11/10/Mw7buA7Hdjz9W8ii7EmNLFRpxBMM0dV0-1731221469669.jpg,7358
Other,"اغتيال ""أبو عبيدة""؟",شو قالوا بالعبري,https://dve-images.imggaming.com/original/p/2025/09/01/cIejGq5lXhOqo8nBSDSaWDVPQlFTtAbm-1756735463609.jpg,7293
Originals,وصية الشهيد الصحفي أنس الشريف ورسالته الأخيرة,كليبات 360,https://dve-images.imggaming.com/original/p/2025/08/13/9hzMAwN41NSAVYt8GY14aeCHgfKxlzjj-1755101056688.jpg,7068
Originals,شلال نرجسية,خيال أمـ ـجد؟,https://dve-images.imggaming.com/original/p/2025/08/15/zmFhUaMGkJ8chdNWLyWziDvCGkpOTuyh-1755263990613.jpg,6632
Originals,الطبيب الأخير,الطبيب الأخير,https://dve-images.imggaming.com/original/p/2025/07/16/Wgm2AGKt8GaqERVVj2iZ30xkt1QaHd0U-1752658180345.jpg,5136
Originals,الشيخ فيصل بن قاسم آل ثاني.. قناص الفرص,قصتي,https://dve-images.imggaming.com/original/p/2025/07/30/v6trCpomNXZCJEA63TLTb4WrVx6S6cyG-1753871844286.jpg,4221
Originals,"مؤثرو ""السوشيال ميديا""",باب حوار,https://dve-images.imggaming.com/original/p/2025/07/12/lUZ5oXO1CJTPcczC0zVUoQP6UAPoAk5u-1752344835709.jpg,4091
Other,خيال أمـ ـجد؟.. قريبا على الجزيرة 360,,https://dve-images.imggaming.com/original/p/2025/07/30/fqLtOmVpIidTqoVNifz1Q9eM5lofYeZI-1753884506299.jpg,3998
AJD,صدام حسين.. بين الأسطورة والواقع - الجزء 2,صدام حسين.. بين الأسطورة والواقع,https://dve-images.imggaming.com/original/p/2025/04/04/afx7rzZdfCpRvsS9IKesYokOCQQ5dNf2-1743780655093.jpg,3160
Originals,غزة.. أين الأمة؟,حكم وحكمة,https://dve-images.imggaming.com/original/p/2025/08/25/PBy7zLfumzrYGpdeCmk4gkAfxZCiLy33-1756119964457.jpg,3079
Originals,المقاطعة,باب حوار,https://dve-images.imggaming.com/original/p/2025/06/29/B9LWRigPMEH837OGWrPkCVssieDOZ81i-1751190279700.jpg,2733
Other,7 أكتوبر,,https://dve-images.imggaming.com/original/p/2024/10/21/WbIPh0HaeOXtilEl1ZYQQOFwSj64NN00-1729530909104.jpg,2679
Originals,الاكتئاب,عن السينما,https://dve-images.imggaming.com/original/p/2025/08/17/eMMp8E9ovIRiiOcRXKGcuM5mKJ7XMHaZ-1755423387690.jpg,2550
